UPC,name,type
RC7018 001,RC7018 001 (6).JPG,image
RC7018 001,RC7018 001 (2).JPG,image
RC7018 001,RC7018 001 (3).JPG,image
RC7018 001,Recording 2024-03-20 133440.mp4,video
RC7018 001,RC7018 001 (5).JPG,image
RC7018 001,RC7018 001 (1).JPG,image
RC7018 001,RC7018 001 (1).JPG,image
RCA-247 006,RC7018 001 (1).JPG,image
RCA-247 006,RC7018 001 (2).JPG,image
RCA-247 006,RC7018 001 (2).JPG,image
RCA-247 006,RC7018 001 (4).JPG,image
RCA-247 006,RC7018 001 (5).JPG,image
RCA-247 006,Recording 2024-03-20 133440.mp4,video
